{
  "Guam": 90.10989010989012,
  "Norfolk Island": 89.32038834951457,
  "Tonga": 86.80555555555556,
  "Niue": 85.88235294117648,
  "S\u00e3o Tom\u00e9 and Principe": 82.02764976958525,
  "Palau": 80.83832335329342,
  "Tuvalu": 77.61194029850746,
  "Nauru": 74.64788732394366,
  "Comoros": 72.65625,
  "Siachen Glacier": 70.83333333333333,
  "New Caledonia": 68.83116883116884,
  "Montserrat": 66.4835164835165,
  "Vanuatu": 66.0493827160494,
  "Samoa": 64.21052631578948,
  "Solomon Islands": 63.1578947368421,
  "Maldives": 62.857142857142854,
  "Cabo Verde": 62.5,
  "Mauritius": 61.111111111111114,
  "Seychelles": 60.37735849056604,
  "Guinea-Bissau": 57.14285714285714,
  "Suriname": 56.38474295190713,
  "Brunei": 55.7632398753894,
  "East Timor": 55.60747663551402,
  "Gambia": 53.94045534150613,
  "Guinea": 53.64891518737673,
  "Benin": 51.17004680187207,
  "Mauritania": 49.90439770554494,
  "Malawi": 49.21630094043887,
  "Liberia": 48.54586129753915,
  "Togo": 46.85816876122083,
  "Equatorial Guinea": 46.49122807017544,
  "Belize": 46.36678200692042,
  "Senegal": 45.60185185185185,
  "Jersey": 44.881889763779526,
  "Sierra Leone": 44.75374732334048,
  "Burundi": 44.47852760736196,
  "Lesotho": 44.30769230769231,
  "Falkland Islands": 43.45794392523364,
  "Burkina Faso": 43.386243386243386,
  "Guyana": 43.11926605504587,
  "Guernsey": 42.307692307692314,
  "Trinidad and Tobago": 42.285714285714285,
  "Namibia": 41.99475065616798,
  "Djibouti": 41.711229946524064,
  "Cura\u00e7ao": 41.666666666666664,
  "Bermuda": 41.29032258064517,
  "Anguilla": 41.07142857142857,
  "eSwatini": 40.845070422535215,
  "Saint Helena": 40.782122905027926,
  "Bhutan": 39.524838012958966,
  "Angola": 38.85918003565062,
  "Sint Maarten": 38.18181818181819,
  "Mali": 38.0,
  "Bahrain": 37.34939759036144,
  "Somaliland": 37.2093023255814,
  "Papua New Guinea": 36.8421052631579,
  "Ghana": 34.75836431226765,
  "American Samoa": 34.68013468013468,
  "Botswana": 34.46088794926004,
  "Eritrea": 34.01015228426396,
  "Singapore": 33.75,
  "Saint Lucia": 33.68983957219251,
  "Georgia": 33.55263157894737,
  "Uruguay": 33.17422434367542,
  "Ivory Coast": 33.17073170731707,
  "Grenada": 32.98969072164949,
  "Azerbaijan": 32.49097472924187,
  "Gabon": 32.448377581120944,
  "Barbados": 32.05128205128205,
  "Armenia": 31.53988868274582,
  "Sri Lanka": 31.418918918918916,
  "Malta": 31.163708086785014,
  "Dominica": 29.87804878048781,
  "Republic of the Congo": 29.198966408268735,
  "Yemen": 28.607594936708857,
  "Moldova": 28.409090909090907,
  "Fiji": 28.272251308900522,
  "Mozambique": 28.24427480916031,
  "Guatemala": 27.8169014084507,
  "Nicaragua": 27.419354838709676,
  "Paraguay": 26.209677419354836,
  "San Marino": 26.086956521739136,
  "Andorra": 25.67567567567568,
  "Rwanda": 25.617283950617285,
  "El Salvador": 25.407166123778502,
  "Cameroon": 25.0,
  "Kyrgyzstan": 24.492979719188767,
  "Cyprus": 24.397590361445786,
  "Western Sahara": 24.311926605504585,
  "Uganda": 24.242424242424242,
  "Tunisia": 23.584905660377352,
  "Kiribati": 23.505154639175263,
  "Oman": 23.31081081081081,
  "Zimbabwe": 23.0958230958231,
  "Bolivia": 22.838137472283815,
  "Cambodia": 22.495606326889284,
  "Zambia": 22.194513715710727,
  "Somalia": 22.018348623853214,
  "Uzbekistan": 21.858638743455494,
  "Lebanon": 21.747572815533978,
  "Laos": 21.169354838709676,
  "Ethiopia": 21.107266435986162,
  "Kuwait": 20.958083832335326,
  "United Republic of Tanzania": 20.434782608695656,
  "Estonia": 20.058139534883722,
  "Honduras": 19.931271477663227,
  "Costa Rica": 19.771863117870726,
  "Montenegro": 19.52861952861953,
  "Venezuela": 19.26298157453936,
  "Myanmar": 18.927444794952685,
  "Nigeria": 18.87966804979253,
  "Philippines": 18.87905604719764,
  "Kenya": 18.56677524429967,
  "North Korea": 18.22125813449024,
  "Chad": 18.131868131868135,
  "Nepal": 18.113207547169807,
  "Sudan": 17.821782178217827,
  "Qatar": 17.431192660550455,
  "Czechia": 17.067833698030633,
  "Aruba": 16.94915254237288,
  "Syria": 16.878402903811253,
  "Ecuador": 16.748768472906406,
  "Albania": 16.617210682492576,
  "Haiti": 16.541353383458645,
  "Niger": 16.473988439306353,
  "Tajikistan": 16.35071090047393,
  "Latvia": 16.20294599018003,
  "Netherlands": 16.172506738544477,
  "Algeria": 16.096579476861173,
  "The Bahamas": 16.07142857142857,
  "Kosovo": 15.986394557823125,
  "Bangladesh": 15.932203389830512,
  "Iceland": 15.797101449275363,
  "Puerto Rico": 15.789473684210531,
  "Isle of Man": 15.702479338842979,
  "Turkmenistan": 15.662650602409634,
  "Vietnam": 15.552099533437014,
  "Libya": 15.315315315315313,
  "United Arab Emirates": 15.264187866927593,
  "Slovenia": 15.23545706371191,
  "Slovakia": 15.009041591320072,
  "Dominican Republic": 14.798206278026903,
  "Afghanistan": 14.610389610389607,
  "North Macedonia": 14.60674157303371,
  "Malaysia": 14.40329218106996,
  "South Korea": 14.325068870523417,
  "Republic of Serbia": 14.213197969543145,
  "Mongolia": 14.043993231810493,
  "Palestine": 13.898305084745765,
  "Peru": 13.84083044982699,
  "Belarus": 13.76404494382022,
  "Madagascar": 13.533834586466165,
  "Bulgaria": 13.513513513513509,
  "Jamaica": 13.31658291457286,
  "Taiwan": 13.311688311688307,
  "Northern Cyprus": 13.235294117647056,
  "South Sudan": 12.918660287081341,
  "Bosnia and Herzegovina": 12.442396313364057,
  "Iraq": 12.17948717948718,
  "Ukraine": 11.834319526627224,
  "Jordan": 11.379310344827587,
  "Luxembourg": 10.941475826972013,
  "Monaco": 10.71428571428571,
  "Israel": 10.492505353319059,
  "Lithuania": 9.814323607427056,
  "Switzerland": 9.706546275395034,
  "Morocco": 9.567901234567898,
  "Colombia": 9.471365638766516,
  "Pakistan": 9.350649350649354,
  "United States of America": 9.090909090909093,
  "Austria": 8.868501529051986,
  "Thailand": 8.81542699724518,
  "Denmark": 8.814589665653493,
  "Democratic Republic of the Congo": 8.415841584158413,
  "Saudi Arabia": 8.210180623973729,
  "Liechtenstein": 8.174386920980925,
  "New Zealand": 8.120649651972156,
  "Hungary": 8.05555555555556,
  "Croatia": 7.8947368421052655,
  "Panama": 7.279693486590033,
  "Indonesia": 7.025761124121777,
  "India": 6.849315068493156,
  "Kazakhstan": 6.833712984054674,
  "Iran": 6.732673267326728,
  "Egypt": 6.58823529411765,
  "Ireland": 6.451612903225811,
  "Central African Republic": 6.422018348623848,
  "Japan": 6.329113924050633,
  "Romania": 6.270627062706269,
  "Poland": 6.168224299065416,
  "Turkey": 6.060606060606055,
  "Argentina": 5.956678700361007,
  "China": 5.882352941176472,
  "Belgium": 5.769230769230771,
  "Cuba": 5.750798722044726,
  "Finland": 5.413105413105413,
  "Portugal": 5.387205387205385,
  "Vatican": 5.319148936170215,
  "Greenland": 5.3156146179402,
  "Germany": 4.809286898839138,
  "Spain": 4.7858942065491235,
  "Chile": 4.736842105263161,
  "Norway": 3.7117903930131035,
  "South Africa": 3.076923076923077,
  "Greece": 2.941176470588236,
  "Mexico": 2.6490066225165587,
  "Sweden": 2.5252525252525304,
  "Canada": 2.4390243902439046,
  "United Kingdom": 2.3622047244094446,
  "Russia": 2.3454157782516027,
  "Australia": 1.980198019801982,
  "Italy": 1.9230769230769273,
  "France": 1.4577259475218707,
  "Brazil": 1.1881188118811892
}